Case Model,Width (inches),Depth (inches),Square Footage,Rounded Square Footage,Bolea Square Footage,Square Footage with Space in Warehouse,Case Size,AltDescription
1 skid 145x30x15,145,30,30.2083,31,,31,,
1 skid 183x4x4,183,4,5.0833,6,,6,,
1 skid 73x33x73,73,33,16.7292,17,,17,,
1 skid 74x40x68,74,40,20.5556,21,,21,,
1 skid 97x31x53,97,31,20.8819,21,,21,,
1 skid 97x33x73,97,33,22.2292,23,,23,,
1 skid parts,48,48,16,20,20,20,,
2RVCC30,65,48,21.6667,22,25,25,,Zero Zone Doors
2RVZC30,65,48,21.6667,22,25,25,,Zero Zone Doors
3RVC,,,,,,32,,
3RVCC30,95,48,31.6667,32,35,35,,Zero Zone Doors
3RVEC30,95,48,31.6667,32,35,35,,Zero Zone 3 Door Case
3RVZ,,,,,,32,,
3RVZC30,95,48,31.6667,32,35,35,,Zero Zone Doors
4RVC,,,,,,42,,
4RVCC30,125,48,41.6667,42,45,45,,Zero Zone Doors
4RVZ,,,,,,42,,
4RVZC30,123,48,41,41,45,45,,Zero Zone 4 Door Case
4RVZC30,123,48,41,41,45,45,,Zero Zone Doors
5DMLH12,148,48,49.3333,50,,55,,
5DMLH4,54,48,18,18,,20,,
5DMLH6,76,48,25.3333,26,,30,,
5DMLH8,100,48,33.3333,34,,38,,
5RVCC30,155,48,51.6667,52,55,55,,Zero Zone Doors
5RVZ,,,,,,52,,
5RVZC30,155,48,51.6667,52,55,55,,Zero Zone 5 Door Case
5RVZC30,155,48,51.6667,52,55,55,,Zero Zone Doors
6DMLH12,150,48,50,50,,55,,
6DMLH4,52,48,17.3333,18,,25,,
6DMLH6,100,48,33.3333,34,,38,,
6DMLH8,100,48,33.3333,34,38,38,,8' High Multi-Deck Merchandiser
8TD-6R,105,66,48.125,49,,55,,
AGB-5R-7580-CBOM,171,118,140.125,141,,145,,
AGB-5R-7580-CBOM,186,114,147.25,148,150,150,,
AGB-5R-CBOM,171,118,140.125,141,,145,,
BLF-144CR-DRS-CBOM,152,50,52.7778,53,55,55,,
BLF-144SR Self Service Bakery,152,43,45.3889,46,,50,,
BLF-144SR-CBOM,152,50,52.7778,53,,55,,
BLF-48R,56,50,19.4444,20,,25,4',service bakery
BLF-48R,52,48,17.3333,18,,25,4',service bakery
BLF-48R *Box,52,48,17.3333,18,,25,4',service bakery box parts
BLF-77CR-7580-CBOM,84,50,29.1667,,,35,,
BLF-77CR-DRS-CBOM,84,56,32.6667,33,,40,,
BLF-77CR-DRS-CBOM,84,56,32.6667,33,,35,,
BLF-77CR-DRS-CBOM,84,50,29.1667,30,35,35,,
BLF-77CR-DRS-CBOM,84,50,29.1667,30,35,35,,
BLF-96CR,105,50,36.4583,37,,40,96°,Specialty Case
BLF-96CR-DRS-CBOM,105,50,36.4583,37,45,45,,
BMD-10R MIT R Service Bakery,130,70,63.1944,64,,68,,
BMD-10R Service Bakery,130,70,63.1944,64,,68,,
BMD-10R-54-Bakery-MIT-CBOM,130,70,63.1944,64,,68,,
BMD-12R,152,50,52.7778,53,,55,12',Specialty Case
BMD-12R-51-Bakery-CBOM,152,50,52.7778,53,,55,,
BMD-12R-54-Bakery-MIT-CBOM,152,50,52.7778,53,,55,12',
BMD-4R MIT L/R Service Bakery,96,50,33.3333,34,,35,,
BMD-4R MIT R Service Bakery,96,50,33.3333,,,35,,
BMD-4R-54-Bakery-CBOM,96,50,33.3333,34,,35,,
BMD-4R-54-Bakery-MIT-CBOM,66,50,22.9167,23,,30,,
BMD-4R-54-BK-MIT-Fort7580-CBOM,66,50,22.9167,23,,30,,
BMD-6R MIT L Service Bakery,105,50,36.4583,37,,45,,
BMD-6R MIT L/R Service Bakery,105,50,36.4583,37,,45,,
BMD-6R MIT R Service Bakery,105,50,36.4583,37,,45,,
BMD-6R-54-Bakery-CBOM,105,50,36.4583,37,,45,,
BMD-6R-54-Bakery-MIT-CBOM,105,50,36.4583,37,,45,,
BMD-6R-54-BK-MIT-Fort7580-CBOM,105,50,36.4583,37,,45,,
BMD-8R,105,50,36.4583,37,,40,8',Specialty Case
BMD-8R-51-Bakery-CBOM,105,48,35,35,,40,,
BMD-8R-54,105,50,36.4583,37,,45,8',service deli
BMD-8R-54-Bakery-CBOM,105,48,35,35,,40,,
BMD-8R-54-Bakery-MIT-CBOM,105,50,36.4583,37,,45,8',
BMD-8R-54-Bakery-MIT-CBOM,125,50,43.4028,44,,50,,
BNKR1700A7,71,40,19.7222,20,,25,,
BNKR1700A8,71,40,19.7222,20,,25,,
BNKR1700A9,71,40,19.7222,20,,25,,
BNKR1940EA1,81,39,21.9375,22,,25,,
BNKR1940EA7,81,40,22.5,23,,25,,
BNKR1940EA8,81,40,22.5,23,,25,,
BNKR1940EA9,81,40,22.5,23,,25,,
BNKR2200A1,90,40,25,25,,30,,
BNKR2200A7,102,40,28.3333,29,,35,,
BNKR2200A8,102,40,28.3333,29,,35,,
BNKR2200A9,102,40,28.3333,29,,35,,
BNKR2500A7,102,40,28.3333,29,,35,,
BNKR2500A8,102,40,28.3333,29,,35,,
BNKR2500A9,102,40,28.3333,29,,30,,
BOSTON 6 FG VD - BS=085/054 08I,108,54,40.5,41,,45,,
"brema 2 portes h74""",65,48,21.6667,22,,25,,"91 1/4"" high"
"brema 3 portes H67""",95,48,31.6667,32,,35,,
"brema 3 portes H74""",95,48,31.6667,32,,35,,
"brema 4 portes h74""",125,48,41.6667,42,,45,,
"brema 5 portes h67""",155,48,51.6667,52,,55,,
"brema 5 portes h74""",155,48,51.6667,52,,55,,
BSDSW-10R,130,70,63.1944,64,68,68,10',Specialty Case
BSDSW-10R Box,66,48,22,22,25,25,,accessories for BSDSW-10R
BSDSW-12R,150,49,51.0417,52,60,60,,
BSD-SW-12R-SEAFOOD,150,50,52.0833,53,,60,,
BSD-SW-12R-Seafood-7580-CBOM,150,49,51.0417,52,60,60,,
BSD-SW-12R-Seafood-7580-CBOM,150,50,52.0833,53,55,60,,
BSD-SW-4R-CBOM,56,70,27.2222,,,35,,
BSD-SW-6R-CBOM,105,70,51.0417,52,,55,,
BSD-SW-6R-CBOM,84,70,40.8333,,,45,,
BSDSW-8R,105,70,51.0417,52,55,55,8',Specialty Case
BSDSW-8R,105,70,51.0417,52,,55,,
BSDSW-8R,105,70,51.0417,52,55,55,,
BSDSW-8R,157,118,128.6528,129,130,130,,
BSD-SW-8R-SEAFOOD-7580,105,70,51.0417,52,,55,,
BSD-SW-8R-Seafood-7580-CBOM,105,50,36.4583,37,,50,,
BSD-SW-8R-Seafood-7580-CBOM,105,70,51.0417,52,55,55,,
BSD-SW-8R-Seafood-7580-CBOM,204,118,167.1667,168,,170,,
BWU 96D,108,50,37.5,38,,45,,
BWU-144D,152,50,52.7778,53,55,55,,
BWU-59D-CBOM,66,48,22,22,,25,,
BWU-96D-7580-CBOM,105,48,35,35,40,40,,
CF-4S-CBOM,56,50,19.4444,20,,25,,
CF-6S,75,48,25,25,,30,,
CF-S-8R-CBOM,105,40,29.1667,30,,35,,
CNEZLA6,75,48,25,25,,25,,
CNZLA8,100,48,33.3333,34,,35,,
CWC-10D-CBOM,130,50,45.1389,46,,50,,
CWC-10H,176,60,73.3333,74,,80,,Specialty Case
CWC-10Hot Counter,130,50,45.1389,46,,50,12',Specialty Case
CWC-12D-CBOM,152,50,52.7778,53,,55,,
CWC-12R-RLS,152,66,69.6667,70,,75,12',Pizza Counter with Refrigerated Prep
CWC-12R-RLS,152,66,69.6667,70,,75,12',noodle bar with hot and cold sections
CWC-1Dry-Counter,30,50,10.4167,11,15,15,,
CWC-1Dry-Counter,30,50,10.4167,11,15,15,,
CWC-2D-CBOM,36,36,9,9,,20,,
CWC-2Dry-Counter,48,50,16.6667,17,20,20,,
CWC-2H-CBOM,36,36,9,9,20,20,,
CWC-3,40,48,13.3333,14,,20,3',
CWC-3D-CBOM,40,48,13.3333,14,,20,,
CWC-3H-CBOM,40,48,13.3333,14,,20,,
CWC-45°,56,55,21.3889,22,,30,45°,exterior dry wedge
CWC-45D-IW,50,50,17.3611,18,,20,12',Specialty Case
CWC-45IW,0,0,0,0,,,,ships with CWC-10
CWC-4D-CBOM,60,49,20.4167,21,25,25,,
CWC-4DCheeseTable-7580-CBOM,56,50,19.4444,20,,25,,
CWC-4DCheeseTable-7580-CBOM,56,56,21.7778,22,25,25,,
CWC-4D-DLS-CBOM,56,43,16.7222,17,20,20,,specialty case
CWC-4Dry-Counter,56,50,19.4444,20,25,25,,
CWC-4Dry-Counter,56,50,19.4444,20,25,25,,
CWC-4Dry-Counter,56,56,21.7778,22,25,25,,4' Dry Counter
CWC-4H-CBOM,56,56,21.7778,25,30,30,,Specialty Case
CWC-4Hot-Counter,60,60,25,25,30,30,,
CWC-4Hot-Counter,74,60,30.8333,31,,35,,
CWC-4Hot-Counter,56,50,19.4444,20,25,25,,
CWC-4Hot-Counter,56,56,21.7778,22,25,25,,4' Hot Counter
CWC-4Hot-Counter,56,56,21.7778,22,25,25,,
CWC-4Ref-Counter,74,60,30.8333,31,,35,,
CWC-5D-CBOM,105,48,35,35,40,40,,
CWC-5Dry-Counter,66,56,25.6667,26,30,30,,
CWC-5H,105,48,35,35,40,40,5',
CWC-5H-CBOM,105,48,35,35,,40,,
CWC-6D-CBOM,82,66,37.5833,38,,40,,
CWC-6H,82,66,37.5833,38,,45,6',Carvery with miter left
CWC-6H-CarvingStation7580-CBOM,84,50,29.1667,30,35,35,,
CWC-6H-CarvingStation7580-CBOM,84,50,29.1667,30,35,35,,
CWC-6H-CBOM,82,66,37.5833,38,,40,,
CWC-6Hot-Counter,84,48,28,28,32,32,,
CWC-6R-CBOM,84,50,29.1667,30,,35,,
CWC-7D-CBOM,96,56,37.3333,38,,40,,
CWC-7Dry-Counter,96,50,33.3333,34,,40,,
CWC-7Dry-Counter,96,56,37.3333,38,40,40,,
CWC-7H,96,60,40,40,,45,7',radius soup counter
CWC-80-CBOM,105,66,48.125,49,,55,,
CWC-8D-CBOM,105,50,36.4583,37,,40,,
CWC-8H,105,66,48.125,49,,55,8',hot foods
CWC-8H-CBOM,105,56,40.8333,41,45,45,,
CWC-8Hot-Counter,144,50,50,50,,55,,
cwc-8r-cbom,105,42,30.625,31,,35,,
CWC-9D-CBOM,144,50,,,,55,,
CWC-9Dry-Counter,144,50,50,50,,55,,
CWC-Dry-Wedge,50,50,17.3611,18,24,24,,
db-12R,148,48,49.3333,50,55,55,,
DB-4R-RLS-CBOM,50,50,17.3611,18,,25,,
DB-8R-RLS-CBOM,105,50,36.4583,37,,45,,
DBC-10RLS,130,50,45.1389,46,,50,,Specialty Case
DLPC-10R-CBOM,130,50,45.1389,46,,50,,
DLPC-12R,212,66,97.1667,98,,98,12',s/w DLPC-90EW
DLPC-12R Cheese,212,66,97.1667,98,,98,,
DLPC-12R Cheese,212,66,97.1667,98,,98,,
DLPC-12R Cheese,212,66,97.1667,98,,98,,
DLPC-12R-7580-CBOM,200,56,77.7778,78,,85,,
DLPC-12R-CBOM,212,66,97.1667,98,,98,12',s/w DLPC-90EW
DLPC-6R-CBOM,80,50,27.7778,,,32,,
DLPC-8R,168,66,77,77,,80,8',s/w DLPC-90EW
DLPC-8R Cheese,168,66,77,77,,80,,
DLPC-8R-7580-CBOM,152,56,59.1111,60,,60,,
DLPC-8R-CBOM,152,56,59.1111,60,,60,,
DLPC-8R-CBOM,168,66,77,77,,80,8',s/w DLPC-90EW
DLPC-90EW,0,0,0,0,,,,Specialty Case
DLPC-90EWR Cheese,0,0,0,0,,0,,
DLPC-90EWR Cheese,0,0,0,0,,0,,
DLPC-90EWR Cheese,0,0,0,0,,0,,
DLPC-90EWR Cheese,0,0,0,0,,0,,
DLPC-90EW-R-7580-CBOM,0,0,0,0,,0,,
DLPC-90EW-R-CBOM,0,0,0,0,,0,,
DLPF-12R-50-CBOM,152,50,52.7778,53,,55,,
DLPF-4R,56,50,19.4444,20,,25,,
DLPF-4R-52-CBOM,56,50,19.4444,20,,25,,
DLPF-6R Sushi,84,48,28,28,,30,,
DLPF-6R-50-CBOM,80,50,27.7778,28,32,32,6',Specialty Case
DLPF-8R,105,50,36.4583,37,,40,,Specialty Case
DLPF-8R-50-CBOM,105,50,36.4583,37,,40,,
EOA,90,42,26.25,27,,30,,
FEA-7580,84,56,32.6667,33,,40,,
FEA-Remote,84,56,32.6667,33,,40,,
FNGSC6A,77,44,23.5278,24,,26,,
FNGSC8A,100,44,30.5556,31,,35,,
FT-12R-CBOM,152,50,52.7778,53,,55,,
FT-4R-CBOM,60,49,20.4167,21,25,25,,floral case 4'
FT-6R-CBOM,105,50,36.4583,37,,40,,
FT-84,105,50,36.4583,37,40,40,,
FT-8R-48-7580-CBOM,105,50,36.4583,37,40,40,,
FT-8R-CBOM,105,50,36.4583,37,40,40,,8' Floral
FW-12G,165,86,98.5417,99,,100,,
FW12GM,165,86,98.5417,99,,100,,
FW-8,114,86,68.0833,69,,70,,
FW8GM,114,86,68.0833,69,,70,,
FWEG,84,48,28,28,,30,,
FWG12,165,86,98.5417,99,,100,,
FWG8,144,86,86,86,,70,,
GLASGOW2 FG 100/096 F20 08I,100,44,30.5556,31,,35,,actual dims 96x42x58 1000lbs
GLASGOW2 FV 100/096 F20 08I,100,44,30.5556,31,,35,,
GMD-10R,130,50,45.1389,46,,50,,Specialty Case
GMD-10R-CBOM,130,50,45.1389,46,50,50,,Specialty Case
GMD-10RGC-CBOM,130,60,54.1667,55,,55,,
GMD-11R-CBOM,135,50,46.875,47,,55,,
GMD-12H,152,50,52.7778,53,,55,,Specialty Case
GMD-12H Service Hot,152,50,52.7778,,,55,,
GMD-12H-7580-CBOM,152,50,52.7778,53,55,55,,
GMD-12H-CBOM,152,50,52.7778,53,,55,,
GMD-12H-Fortinos-7580-CBOM,152,50,52.7778,53,55,55,,
GMD-12R,152,50,52.7778,53,,55,,Specialty Case
GMD-12R-7580-CBOM,152,50,52.7778,53,,55,,Specialty Case
GMD-12R-7580-CBOM,152,50,52.7778,53,,60,,
GMD-12R-7580-CBOM,152,50,52.7778,53,,60,,
GMD-12R-7580-CBOM,152,50,52.7778,53,55,55,,12' Service Deli
GMD-12R-7580-CBOM,152,50,52.7778,53,55,55,,
GMD-12R-BAKERY,152,50,52.7778,53,,55,,
GMD-12R-Bakery 7673-CBOM,152,50,52.7778,,,55,,
GMD-12R-CBOM,152,50,52.7778,53,,55,,
GMD-12R-Deli-767,152,50,52.7778,,,55,,
GMD-12R-Deli-7673-CBOM,152,50,52.7778,53,,55,,
GMD-12RGC,152,50,52.7778,53,,55,,
GMD-12RGC-CBOM,152,50,52.7778,53,,55,,
GMD-12RGC-CBOM,152,50,52.7778,53,55,55,,
GMD-12RGC-SSC-7580-CBOM,152,50,52.7778,53,55,55,,
GMD-3R-MIT-Bakery-7580-CBOM,50,50,17.3611,18,,20,,
GMD-3R-MIT-CBOM,105,94,68.5417,69,,75,,
GMD-3R-MIT-CBOM,105,90,65.625,66,70,70,,
GMD-3R-MIT-CBOM,105,90,65.625,66,70,70,,
GMD-3R-MIT-CBOM,105,90,65.625,66,70,70,,
GMD-3R-MIT-CBOM,105,90,65.625,66,70,70,,
GMD-4D-7580-CBOM,56,50,19.4444,20,,25,,
GMD-4D-7580-CBOM,56,50,19.4444,20,25,25,,
GMD-4D-CBOM,56,50,19.4444,20,,25,,
GMD-4D-CBOM,56,50,19.4444,20,25,25,,
GMD-4H-7580-CBOM,56,50,19.4444,20,,25,,
GMD-4R-7580-CBOM,56,50,19.4444,20,,25,,
GMD-4R-CBOM,56,50,19.4444,20,25,25,,
GMD-6H,84,50,29.1667,30,,30,,Specialty Case
GMD-6H-7580-CBOM,84,50,29.1667,30,35,35,,6' Service Hot
GMD-6R,84,50,29.1667,30,,30,,Specialty Case
GMD-6R Salads,84,48,28,28,,30,,
GMD-6R-7580-CBOM,84,50,29.1667,30,,30,,Specialty Case
GMD-6R-7580-CBOM,84,50,29.1667,30,,40,,
GMD-6R-7580-CBOM,84,50,29.1667,30,35,35,,
GMD-6R-Bakery-7580-CBOM,80,50,27.7778,28,,30,,
GMD-6R-CBOM,84,50,29.1667,30,,40,,
GMD-6R-Fortinos-7580-CBOM,80,48,26.6667,27,,30,,
GMD-6RGC-SSC-CBOM,85,50,29.5139,30,,35,,
GMD-7R-CBOM,96,50,33.3333,34,35,35,,
GMD-7R-CBOM,96,50,33.3333,34,35,35,,
GMD-8H,105,50,36.4583,37,,40,,Specialty Case
GMD-8H Service Hot Foods,105,50,36.4583,37,,40,,
GMD-8H Service Hot Foods,105,50,36.4583,37,,40,,
GMD-8H-7580-CBOM,105,50,36.4583,37,40,40,,
GMD-8H-7580-CBOM,105,50,36.4583,37,40,40,,8' Service Hot
GMD-8H-7580-CBOM,105,50,36.4583,37,42,42,,
GMD-8H-CBOM,105,50,36.4583,37,,40,,
GMD-8R,105,50,36.4583,37,,40,,Specialty Case
GMD-8R Service Salad,105,50,36.4583,37,,40,,
GMD-8R-7580-Bakery-CBOM,105,50,36.4583,37,40,40,,
GMD-8R-7580-Bakery-CBOM,105,50,36.4583,37,40,40,,
GMD-8R-7580-Deli-CBOM,105,50,36.4583,37,,40,,Specialty Case
GMD-8R-7580-Deli-CBOM,105,50,36.4583,37,40,40,,8' Service Deli
GMD-8R-7580-Deli-CBOM,105,50,36.4583,37,40,40,,8' Service Deli
GMD-8R-7580-Deli-CBOM,105,50,36.4583,37,40,40,,
GMD-8R-7580-Deli-CBOM,105,50,36.4583,37,40,40,,
GMD-8R-7580-Deli-CBOM,105,50,36.4583,37,40,40,,
GMD-8R-7580-Deli-CBOM,105,50,36.4583,37,40,40,,
GMD-8R-7580-Deli-CBOM,105,50,36.4583,37,42,42,,
GMD-8R-7580-Deli-CBOM,105,50,36.4583,37,42,42,,
GMD-8R-Bakery-7673-CBOM,105,50,36.4583,37,40,40,,
GMD-8R-CBOM,105,50,36.4583,37,,40,,
GMD-8RGC,105,50,36.4583,37,40,40,,
GMD-8RGC-CBOM,105,50,36.4583,37,40,40,,
GMD-8RGC-SSC-7580-CBOM,105,50,36.4583,37,,40,,
GMD-8RGC-SSC-7580-CBOM,105,50,36.4583,37,40,40,,
GMD-8RGC-SSC-CBOM,105,50,36.4583,37,,40,,
GMO-1OR-CBOM,152,50,52.7778,53,,60,,
GSD-4SC-LT,56,50,19.4444,20,,25,,
GSD-4SC-LT,56,50,19.4444,20,25,25,,
GSD-4S-LT-Gelato-7580-CBOM,56,50,19.4444,25,25,25,,Specialty Case
HS-4R-CBOM,56,56,21.7778,22,,25,,
HS-4S-CBOM,56,56,21.7778,22,,25,,
HS-6R-CBOM,84,50,29.1667,30,,35,,
HS-6S-CBOM,84,56,32.6667,33,,35,,
HS-8R-CBOM,105,56,40.8333,41,,45,,
HS-8S-CBOM,105,56,40.8333,41,,45,,
HSC-12R,152,50,52.7778,53,,60,,
HSC-12R-CBOM,152,50,52.7778,53,,60,,
HSC-12R-CBOM,152,50,52.7778,53,60,60,,
HSC-12S-7580-CBOM,152,42,44.3333,45,,60,,
HSC-4R-CBOM,56,48,18.6667,19,,25,,
HSC-6R,80,50,27.7778,28,35,35,,
HSC-6R-7580,82,52,29.6111,30,35,35,,
HSC-6R-7580,82,52,29.6111,30,35,35,,
HSC-6R-CBOM,82,52,29.6111,30,,35,,
HSC-6R-CBOM,80,50,27.7778,28,35,35,,
HSC-6S-8347-CBOM,84,52,30.3333,31,40,40,,
HSC-8R,105,50,36.4583,37,45,45,,
HSC-8R-7580,105,52,37.9167,38,40,40,,
HSC-8R-7580,105,52,37.9167,38,40,40,,
HSC-8R-CBOM,105,50,36.4583,37,45,45,,
HSC-8S-7580-CBOM,108,42,31.5,32,,35,,
HSC-8S-8347-CBOM,108,42,31.5,32,40,40,,
HSCN-12R-7580-CBOM,152,42,44.3333,45,,45,,
HSCN-12S-7580-CBOM,152,42,44.3333,45,50,50,,
HSCN-6R-7580-CBOM,82,42,23.9167,24,,25,,
HSCN-6S-7580-CBOM,84,52,30.3333,31,40,40,,
HSCN-6S-7580-CBOM,82,52,29.6111,30,40,40,,
HSCN-8R-7580-CBOM,108,42,31.5,32,40,35,,
HSCN-8S-7580-CBOM,108,42,31.5,32,,35,,
IC2XSL12,148,48,49.3333,50,48,50,,
IC2XSL8,100,48,33.3333,34,,40,,
ID5SL12,150,44,45.8333,46,,50,,
ID5SL4,55,44,16.8056,17,,20,,
ID5SL6,80,44,24.4444,25,,35,,
ID5SL8,99,44,30.25,31,,30,,
ID5SM12,150,44,45.8333,46,,50,,
ID5SM6,85,44,25.9722,26,,30,,
ID5SM8,100,44,30.5556,31,,40,,
idd5su12,150,44,45.8333,46,,50,,
idd5su8,75,44,22.9167,23,,30,,
IDD6NU12,150,44,45.8333,46,,50,,
IDD6SL12,150,44,45.8333,46,,50,,
idd6sL4,50,44,15.2778,16,,20,,
idd6SL6,99,44,30.25,31,,35,,
idd6sL8,75,44,22.9167,23,,30,,
IDD6SU12,150,44,45.8333,46,,50,,
idd6su4,50,44,15.2778,16,,20,,
idd6SU6,99,44,30.25,31,,35,,
idd6su8,75,44,22.9167,23,,30,,
IDDS6SU8,100,44,30.5556,31,,40,,
IDDSU12,150,44,45.8333,46,,50,,
IDDSU4,50,44,15.2778,16,,20,,
IDDSU6,80,44,24.4444,25,,30,,
IDDSU8,100,44,30.5556,31,,40,,
IM5SL12,150,44,45.8333,46,,50,,
IM5SL4,50,44,15.2778,16,,20,,
IM5SL6,80,44,24.4444,25,,30,,
IM5SL6,75,44,22.9167,23,,30,,
IM5SL8,99,44,30.25,31,,35,,
INLINE,95,42,27.7083,28,,30,,
IP2SL12,150,44,45.8333,46,,50,,
IP2SL4,50,44,15.2778,16,,20,,
IP2SL6,80,44,24.4444,25,,30,,
IP2SL8,99,44,30.25,31,,35,,
IP4SL12,150,44,45.8333,46,,50,,
IP4SL4,55,44,16.8056,17,,20,,
IP4SL6,75,44,22.9167,23,,30,,
IP4SL8,100,44,30.5556,31,,40,,
JNRBHSA2,65,48,21.6667,22,,25,,
JNRBHSA2D,65,45,20.3125,21,25,25,,
JNRBHSA3,90,48,30,30,,35,,
JNRBHSA4,130,48,43.3333,44,,45,,
JNRBHSA5,155,48,51.6667,52,,55,,
JNRBHSAHR12,155,48,51.6667,52,,55,,
JNRBHSAHR12,155,48,51.6667,52,,55,,
JNRBHSAHR2,70,48,23.3333,24,,30,,
JNRBHSAHR3,100,48,33.3333,34,,35,,
JNRBHSAHR4,125,48,41.6667,42,,45,,
JNRBHSAHR5,155,48,51.6667,52,,55,,
JNRBHSAHR5,155,48,51.6667,52,,55,,
JNRBHSAHR6,72,48,24,24,,30,,
JNRBHSAHR8,100,48,33.3333,34,,40,,
JNRBHSAPV2,65,48,21.6667,22,,30,,
JNRBHSAPV2,65,48,21.6667,22,25,25,,
JNRBHSAPV3,90,48,30,30,,35,,
JNRBHSAPV4,130,48,43.3333,44,,45,,
JNRBHSAPV5,155,48,51.6667,52,,55,,
JNRZH2,65,48,21.6667,22,,25,,
JNRZH3,95,48,31.6667,32,,35,,
JNRZH4,125,48,41.6667,42,,45,,
JNRZH5,150,48,50,50,,55,,
JNRZHSA3,90,48,30,30,,35,,
JNRZHSA4,130,48,43.3333,44,,45,,
JNRZHSA5,155,48,51.6667,52,,55,,
JNRZHSAHR5,155,48,51.6667,52,,55,,
JNRZHSAPV3,90,48,30,30,,35,,
JNRZHSAPV4,130,48,43.3333,44,,45,,
KB CAR G IN/C3 EX-PN ROLL,88,5,3.0556,4,,10,,
KFD-4R,56,36,14,14,,20,,Specialty Case
KFD-4R-CBOM,56,36,14,14,,20,,Specialty Case
KFD-6R,84,36,21,21,,25,,Specialty Case
KFD-6R Espresso,84,48,28,28,,30,,
KFD-6R Pastries,0,0,0,0,,0,,
KFD-6R-CBOM,84,36,21,21,,25,,Specialty Case
KFD-6R-Fortinos-7580-CBOM,80,30,16.6667,17,,25,,
KFD-6R-Fortinos-7580-CBOM,80,30,16.6667,17,,25,,
KL4VA15UGDR,48,48,16,16,,20,,
KL4VA15UGDR ,48,48,16,16,,20,,
KLP314DR-S1D-TR7NN,64,22,9.7778,10,,15,,
KLP418DR-S1D-TR7NN,72,22,11,11,,15,,
KLP526DR-S1D-TR7NN,96,22,14.6667,15,,20,,
KLP632DR-S1D-TR7NN,109,22,16.6528,17,,20,,
KLV217CA-S1D-X3821,72,32,16,16,,20,,
KLV217CA-S1D-X3827,72,32,16,16,,20,,
KLV325CG-C1D-X3824,109,32,24.2222,25,,30,,
KLV325CG-S1D-X3834,96,32,21.3333,22,,25,,
KLV331CA-S1D-X3835,72,32,16,16,,20,,
KLV441CG-S1D-X3836,115,32,25.5556,26,,30,,
KM2VA15UGDR,48,48,16,16,,20,,
KPL422CA-S1D-TR722,72,32,16,16,,20,,
Laval 4 G2 Bt-TN 1200MM,60,48,20,20,,25,,
Laval 4 G2 BT-TN 1200MM UI Propane,60,48,20,20,,25,,
lozier - standard skid,48,48,16,20,20,20,,
LSB TB35 105/121 MF 04I...PV03-1 STYLE LSB2,48,44,14.6667,15,,20,,actual dims 48x44x56 540lbs
LSB TB35 105/121 MF 06I...PV03-1 STYLE LSB2,72,44,22,22,,25,,actual dims 72x44x56 625lbs
LSB TB35 105/121 MF 07I...PV03-1 STYLE LSB2,84,44,25.6667,26,,30,,actual dims 84x44x56 730lbs
LSB TB35 105/121 MF 08I...PV03-1 STYLE LSB2,96,44,29.3333,30,,35,,
LSB TB35 105/121 MF12I...PV03-1 STYLE LSB2,150,44,45.8333,46,,50,,actual dims 144x44x56 980lbs
LSB2 T48 105/121 MF 07I...PV03-1,96,48,32,32,,35,,"actual dims 7'6""L x 48""W x 56""h 730lbs"
LSB2 T48 105/121 MF 08I...PV03-1,108,48,36,36,,40,,"actual dims 8'6""L x 48""W x 56""h 850lbs"
LSB2 T48 105/121 MF 12I...PV03-1,155,48,51.6667,52,,55,,"actual dims 12'6""L x 48""W x 56""H 980lbs"
MBI-607R-CBOM,105,75,54.6875,55,,60,,
MBI-607S-CBOM,105,75,54.6875,55,,60,,
MBI-609D-CBOM,130,65,58.6806,59,,60,,
MBI-609R-CBOM,115,78,62.2917,63,,70,,
MBI-609S-CBOM,120,80,66.6667,67,,70,,
MCU-2-CBOM,50,40,13.8889,14,,20,,
MCU-3-CBOM,105,30,21.875,22,25,25,,
MCU-4-CBOM,50,45,15.625,16,,20,,
MCU-5-CBOM,50,45,15.625,16,,20,,
MCU-7-CBOM,42,40,11.6667,12,,16,,
MCU-8-CBOM,50,42,14.5833,15,,20,,
MCWC-12H-CBOM,152,50,52.7778,,,55,,
MINI MALMO 3 G3  06I,80,72,40,40,,50,,
MINI MALMO 3 G3 GONDOLE,72,48,24,24,,30,,
Mini Malmo 4 G3 08M,102,58,41.0833,42,,55,,
Mini Malmo 4 G3 12M,162,72,81,81,,85,,
Mini Malmo 4 G3 Gondole,56,34,13.2222,14,,20,,
NFO-4R-CBOM,56,45,17.5,18,,20,,
NFO-6R-CBOM,80,48,26.6667,27,,35,,
NFO-8R-CBOM,100,48,33.3333,34,,40,,
o/s skid 5'x5',60,60,25,,,25,,
O25UM12,148,48,49.3333,50,48,50,12',Multi-Deck Merchandiser (Deli/Dairy/Meat/Produce/Seafood)
O25UM4,51,48,17,17,16,17,4',Multi-Deck Merchandiser (Deli/Dairy/Meat/Produce/Seafood)
O25UM6,75,48,25,25,24,25,6',Multi-Deck Merchandiser (Deli/Dairy/Meat/Produce/Seafood)
O25UM8,99,48,33,33,32,33,8',Multi-Deck Merchandiser (Deli/Dairy/Meat/Produce/Seafood)
O25UMA6,75,48,25,25,24,25,6',
O2DMZD12,148,48,49.3333,50,,50,12',Multi-Deck Merchandiser (Frozen Food)
O2DMZD12,150,48,50,50,,55,,
O2DMZD6,76,48,25.3333,26,,26,6',Multi-Deck Merchandiser (Frozen Food)
O2DMZD8,99,48,33,33,,36,8',Multi-Deck Merchandiser (Frozen Food)
O325EM1,90,48,30,30,30,30,8',Multideck end cap
O325EM7,99,48,33,33,32,33,7',7' multi-deck merchandiser
O325UM12,148,48,49.3333,50,48,50,12',Multi-Deck Merchandiser (Deli/Dairy/Meat/Produce)
O325UM4,51,48,17,17,16,17,4',Multi-Deck Merchandiser (Deli/Dairy/Meat/Produce)
O325UM6,75,48,25,25,24,25,6',Multi-Deck Merchandiser (Deli/Dairy/Meat/Produce)
O325UM8,99,48,33,33,32,33,8',Multi-Deck Merchandiser (Deli/Dairy/Meat/Produce)
O35EM7,99,48,33,33,,35,,
O35UM10,144,48,48,48,,50,,
O35UM12,148,48,49.3333,50,,50,12',Narrow Multi-Deck Merchandiser
O35UM4,51,48,17,17,16,17,4',
O35UM6,75,48,25,25,,25,,
o35um7,99,48,33,33,,36,,
O35UM8,99,48,33,33,,36,8',Narrow Multi-Deck Merchandiser (dairy/deli/produce)
O35UM90,99,48,33,33,,36,,90 Degree Case - usually ships attached to a case
O35UM90OS,99,48,33,33,,36,,
O35UM-90OS,99,48,33,33,,36,,
O35UM-W90D,99,48,33,33,,36,,
O3EM1,90,48,30,30,30,30,,
O3UM10,144,48,48,48,,50,,
O3UM12,148,48,49.3333,50,,50,12',Seafood case
O3UM12DX,148,48,49.3333,50,,50,12',
O3UM4,48,48,16,16,,20,,
O3UM45,75,48,25,25,24,25,,45 Degree Case - usually ships attached to a case
O3UM6,75,48,25,25,,30,6',Fresh Meat Island
O3UM6DX,75,48,25,25,,30,6',
O3UM8,100,48,33.3333,34,,36,8',Fresh Meat Island
O3UM8DX,100,48,33.3333,34,,36,8',
O3UM90,99,48,33,33,,36,,90 Degree Case - usually ships attached to a case
O3UM90OS,99,48,33,33,,36,,
O4EM1,76,48,25.3333,26,,30,,
O4em7,76,48,25.3333,26,,30,,
O4UM12,148,48,49.3333,50,,50,,
O4UM6,76,48,25.3333,26,,30,,
O4UM8,99,48,33,33,,36,8',Multi-Deck Merchandiser (Dairy/Deli/Produce)
O5dm10,130,48,43.3333,44,,45,,
O5DM12,148,48,49.3333,50,48,50,12',Multi-Deck Merchandiser (Beverage/Dairy/Deli/Produce)
O5DM4,51,48,17,17,16,17,4',Multi-Deck Merchandiser (Beverage/Dairy/Deli/Produce)
O5DM6,75,48,25,25,24,25,6',Multi-Deck Merchandiser (Beverage/Dairy/Deli/Produce)
O5DM8,99,48,33,33,32,33,8',Multi-Deck Merchandiser (Beverage/Dairy/Deli/Produce)
O5DMA4,50,48,16.6667,17,,25,,
O5DMA6,78,48,26,26,,30,,
O5DMA8,100,48,33.3333,34,,35,,
O5DMAR4,55,48,18.3333,19,,20,,
O5DMAR6,80,48,26.6667,27,,30,,
O5DMH12,148,48,49.3333,50,48,50,12',Multi-Deck Merchandiser (Beverage/Dairy/Deli/Produce)
O5DMH8,99,48,33,33,32,33,8',Multi-Deck Merchandiser (Beverage/Dairy/Deli/Produce)
O5DMHX8,99,48,33,33,,35,,
O5M8,100,48,33.3333,34,,40,,
O5UM8,99,48,33,33,36,36,8',
O5Z6,190,48,63.3333,64,70,70,,6 DOOR CASE
OB-4R,80,80,44.4444,45,,45,4',Specialty Case
OB-4R-Fortinos-7580-CBOM,75,75,39.0625,40,,45,,
OB-6R,110,80,61.1111,62,,65,6',Specialty Case
OB-6R Produce,105,75,54.6875,55,,55,,
OB-6R-Fortinos-7580-CBOM,105,75,54.6875,55,,60,,
OC10,148,48,49.3333,50,55,55,,
OC12,148,48,49.3333,50,55,55,,
OC8,100,48,33.3333,34,36,36,,
OC-90OS,148,48,49.3333,50,55,55,,
OHM12,148,43,44.4514,45,48,48,12',High Multi-Deck Merchandiser (Deli/Meat)
OHM6,75,48,25,25,30,30,,
OHM8,99,43,29.7344,30,32,32,8',High Multi-Deck Merchandiser (Deli/Meat)
OHMH12,148,43,44.4514,45,48,48,12',High Multi-Deck Merchandiser (Deli/Meat)
OHMH4,51,43,15.3177,16,16,16,4',High Multi-Deck Merchandiser (Deli/Meat)
OHMH6,75,43,22.526,23,24,24,6',High Multi-Deck Merchandiser (Deli/Meat)
OHMH8,99,43,29.7344,30,32,32,8',High Multi-Deck Merchandiser (Deli/Meat)
OHP12,148,48,49.3333,50,55,55,12',12' Produce case
OHP4,51,48,17,17,,20,,
OHP6,75,78,40.625,41,,45,,
OHP8,99,43,29.7344,30,32,32,8',8' Produce Case
OHPH12,148,48,49.3333,50,55,55,,
OHPH4,51,48,17,17,20,20,,
OHPH6,75,48,25,25,25,25,,
OHPH-M4,55,48,18.3333,19,20,20,,
OIZ12,150,60,62.5,63,,65,,
OMZD12,150,48,50,50,,50,,
OMZD6,75,48,25,25,,25,,
OMZD8,96,48,32,,,35,,
ON25UM8,100,48,33.3333,35,,35,,
ON2UM12,148,46,47.2778,48,48,48,12',Narrow Multi-Deck Merchandiser (dairy/deli/meat/produce/seafood)
ON2UM4,51,46,16.2917,17,16,17,4',Narrow Multi-Deck Merchandiser (dairy/deli/meat/produce/seafood)
ON2UM6,75,38,19.7917,20,24,24,6',Narrow Multi-Deck Merchandiser (dairy/deli/meat/produce/seafood)
ON2UM8,99,38,26.125,27,32,27,8',Narrow Multi-Deck Merchandiser (dairy/deli/meat/produce/seafood)
ON35EM1,74,36,18.5,19,,25,6',Narrow Multi Deck End Cap Merchandiser
ON35EM6,75,48,25,25,,25,6',End Cap
ON35EM8,96,36,24,24,,25,8',
ON35UM12,148,48,49.3333,50,50,50,12',Narrow Multi-Deck Merchandiser (dairy/deli/produce)
ON35UM6,78,48,26,26,,26,6',Narrow Multi-Deck Merchandiser (dairy/deli/produce)
ON35UM8,96,36,24,24,,25,8',Narrow Multi-Deck Merchandiser (dairy/deli/produce)
ON3UM6,78,48,26,26,,35,,
ON3UM8,100,48,33.3333,34,40,40,,
ON4EM,76,48,25.3333,30,30,30,,End Bunk
ON4EM6,74,36,18.5,19,,22,,
ON4UM12,148,48,49.3333,55,55,55,,12' Island
ON5DM12,148,36,37,37,48,48,12',Narrow Multi-Deck Merchandiser (dairy/deli/produce)
ON5DM4,51,36,12.75,13,16,16,4',Narrow Multi-Deck Merchandiser (dairy/deli/produce)
ON5DM6,75,36,18.75,19,24,24,6',Narrow Multi-Deck Merchandiser (dairy/deli/produce)
ON5DM8,99,36,24.75,25,32,32,8',Narrow Multi-Deck Merchandiser (dairy/deli/produce)
ON5DMH12,150,48,50,50,,55,,
ON5DMH12,148,48,49.3333,50,50,50,12',High Multi-Deck Merchandiser (Deli/Meat/Beverage/Produce)
ON5DMH4,52,48,17.3333,18,,20,,
ON5DMH6,78,48,26,26,,30,,
ON5DMH8,100,48,33.3333,34,,36,,
ON5DMH8,99,48,33,33,36,36,8',High Multi-Deck Merchandiser (Deli/Meat/Beverage/Produce)
ON5DMX12,148,36,37,37,48,48,12',Narrow Multi-Deck Merchandiser (dairy/deli/produce)
ON5DMX4,52,48,17.3333,18,,25,,
ON5DMX6,78,48,26,26,,30,,
ON5DMX8,100,48,33.3333,34,36,36,,
ONHMH12,148,48,49.3333,50,,55,,
ONHMH4,52,48,17.3333,18,,20,,
ONHMH6,76,48,25.3333,26,,30,,
ONHMH8,100,48,33.3333,34,,36,,
ONIZGG12,150,48,50,50,50,50,,
ONIZGG8,102,48,34,34,,36,8',8' frozen food case
ONRB5,155,48,51.6667,52,55,55,,
ONRZ2,60,48,20,20,,22,5',2 door frozen food/ice cream case
ONRZ3,95,48,31.6667,32,,32,8',3 door Frozen Food/Ice Cream Case
ONRZ4,125,48,41.6667,42,,42,10',
ONRZ5,150,48,50,50,,52,13',5 door frozen food/ice cream case
ONRZ6,184,35,44.4028,45,60,60,15.5',
ONRZD2,60,48,20,20,,22,,
ONRZH3,94,48,31.3333,32,,32,8',3 door Frozen Food/Ice Cream Case
ONRZH4,124,48,41.3333,42,,48,10.5',4 Door Frozen Food/Ice Cream Cast
ONRZH5,153,48,51,51,,56,13',5 door frozen food/ice cream case
ONRZH6,185,48,61.6667,62,,70,16',6 door merchandiser
ONRZHPV2,64,48,21.3333,22,,25,,
ONRZHPV3,95,48,31.6667,32,,35,,
ONRZHPV4,125,48,41.6667,42,,45,,
ONRZHPV5,155,48,51.6667,52,,55,,
ONRZHPV6,185,48,61.6667,62,,65,,
ONRZPV2,64,35,15.4444,16,20,20,5.5',2 door narrow reach in
ONRZPV3,94,35,22.684,23,30,30,8',3 door narrow reach in
ONRZPV4,124,35,29.9236,30,40,40,10.5',4 door narrow reach in
ONRZPV5,154,35,37.1632,38,50,50,13',5 door narrow reach in
ONRZPV6,184,35,44.4028,45,60,60,15.5',6 door narrow reach in
orb12,148,48,49.3333,50,,50,,
ORB5,155,48,51.6667,52,,55,,
ORB5,155,48,51.6667,52,,55,,
ORB8,99,48,33,33,,33,,
ORBH12,180,42,52.5,53,,55,,
ORBH4,60,42,17.5,18,,20,,
ORBH6,90,42,26.25,27,,30,,
ORBH8,120,42,35,35,,35,,
ORDM12,148,48,49.3333,50,55,55,,
ORDR10412,148,48,49.3333,50,,55,12',dairy
ORDR1048,100,48,33.3333,34,,36,8',dairy
ORDR12,150,48,50,50,,55,12',12' Roll-In Rear-Load Multi-Deck Merchandiser
ORDR8,100,48,33.3333,34,,40,8',8' Roll-In Rear-Load Multi-Deck Merchandiser
ORZ2,64,48,21.3333,22,25,25,,2 door case
ORZ3,96,48,32,32,35,35,,3 door case
ORZ3,94,48,31.3333,32,32,32,8',3 door Reach In Merchandiser
ORZ4,125,48,41.6667,42,45,45,,4 door case
ORZ4DX,125,48,41.6667,42,45,45,,
ORZ5,160,48,53.3333,54,60,60,,5 door case
ORZ5,154,48,51.3333,52,52,52,13',5 door Reach In Merchandiser
ORZ5DX,155,48,51.6667,52,60,60,,
ORZ6,190,48,63.3333,64,70,70,,6 door case
ORZH2,94,48,31.3333,32,,32,,
ORZH3,94,48,31.3333,32,,32,,
ORZH4,124,48,41.3333,42,45,45,,
ORZH5,160,48,53.3333,54,,60,,
ORZH5D,160,48,53.3333,54,60,60,,
ORZH6,185,48,61.6667,62,65,65,,
ORZPV2,64,48,21.3333,22,22,22,5.5',2 door Reach In Merchandiser
ORZPV2D,64,48,21.3333,22,22,22,,
ORZPV3,94,48,31.3333,32,32,32,8',3 door Reach In Merchandiser
ORZPV4,124,48,41.3333,42,42,42,10.5',4 door Reach In Merchandiser
ORZPV5,154,48,51.3333,52,52,52,13',5 door Reach In Merchandiser
ORZPV6,184,48,61.3333,62,62,62,15.5',6 door Reach In Merchandiser
OUM12,146,48,48.6667,49,55,55,12',multi deck merchandiser
OUM4,50,48,16.6667,17,20,20,4',multi deck merchandiser
OUM6,74,48,24.6667,25,30,30,6',multi deck merchandiser
OUM8,98,48,32.6667,33,35,35,8',multi deck merchandiser
OWAZ8,98,55,37.4306,38,40,40,,8' frozen food case
OWEZV,90,48,30,30,30,30,7',End Cap
OWEZV1,90,48,30,30,30,30,7',End Cap
OWIZV10,140,83,80.2083,81,88,88,10',Wide Island (Frozen Food/Ice Cream)
OWIZV12,160,83,91.6667,92,104,104,12',Wide Island (Frozen Food/Ice Cream)
OWIZV6,100,83,57.2917,58,56,57,6',Wide Island (Frozen Food/Ice Cream)
OWIZV8,112,83,64.1667,65,72,72,8',Wide Island (Frozen Food/Ice Cream)
OWZGG8,96,90,60,60,,65,,
Parts Case,58,58,23.3611,24,30,30,,
Parts-Case,56,50,19.4444,20,25,25,,
Parts-Case,56,50,19.4444,20,25,25,,
PF-10H,130,50,45.1389,46,,50,10',Specialty Case
PF-10H-54,130,60,54.1667,55,,65,,Specialty Case
PF-10R-54-CBOM,130,50,45.1389,46,,50,10',
PF12R(54),152,50,52.7778,53,,55,12',Specialty Case
PF-12R-51-CBOM,152,50,52.7778,53,55,55,,
PF-12R-54,152,50,52.7778,53,,55,,Specialty Case
PF-12R-7-51-IC-CBOM,152,50,52.7778,53,,55,,
PF-4H,56,55,21.3889,22,,25,,
PF-4H-51-CBOM,56,50,19.4444,25,25,25,,Specialty Case
PF-4H-54-CBOM,56,55,21.3889,22,,25,,
PF-4H-72-CBOM,56,50,19.4444,25,,25,,
PF-4HC-51-CBOM,56,50,19.4444,20,,25,,
PF-4HC-51-CBOM,56,50,19.4444,20,,25,,
PF-4HC-51-CBOM,56,50,19.4444,20,,25,,
PF-4HC-54-CBOM,56,50,19.4444,20,,25,,
PF-4HC-72-CBOM,56,50,19.4444,20,,25,,
PF-4R-51-CBOM,56,52,20.2222,21,,25,,
PF-4R-51-CBOM,56,50,19.4444,20,25,25,,
PF-4R-51-EC-CBOM,56,50,19.4444,20,,25,,
PF-6H,82,49,27.9028,28,,30,6',Specialty Case
PF-6H-51-CBOM,96,50,33.3333,34,40,40,,
PF-6H-54-CBOM,96,50,33.3333,34,40,40,,
PF-6H-60 Hot Chicken,84,43,25.0833,26,,30,,
PF-6H-60-Fortinos-7580-CBOM,84,40,23.3333,24,,30,,
PF-6HC-51-CBOM,80,50,27.7778,28,,30,,
PF-6HC-54-CBOM,80,42,23.3333,24,,25,,
PF-6R-51-EC-CBOM,84,50,29.1667,30,,35,,
PF-6R-51-EC-CBOM,84,50,29.1667,30,,35,,
PF-7H-48-CBOM,90,43,26.875,27,,30,,
PF-7H-51-CBOM,96,50,33.3333,34,36,36,,
PF-7R-51-CBOM,96,50,33.3333,34,36,36,,
PF-7R-51-EC-CBOM,90,50,31.25,32,,35,,
PF-8H-51-CBOM,105,48,35,35,40,40,,
PF-8H-54-CBOM,105,50,36.4583,37,40,40,,
PF-8R-51-CBOM,105,48,35,35,40,40,,
PF-8R-51-CBOM,105,48,35,35,40,40,,
PF-8R-54-CBOM,148,48,49.3333,50,,50,,
PFI-406R-51-IC-CBOM,84,75,43.75,44,,50,,
PFI-408R-51-IC-CBOM,105,65,47.3958,48,,50,,
PFI-519R-54-CBOM,205,75,106.7708,107,,115,,
PFI-519R-54-CBOM,84,50,29.1667,30,,35,,
PFI-519R-54-CBOM,230,75,119.7917,120,,130,,
PFI-608R-51-IC-CBOM,105,75,54.6875,55,,60,,
PFI-612R-51-IC-CBOM,152,75,79.1667,80,,85,,
PT-10R-RRS-34.5-CBOM,130,66,59.5833,60,65,65,,
PT-12R,152,66,69.6667,70,,75,,
PT-12R-DRS-34.5-Cafe-7580-CBOM,152,56,59.1111,60,65,65,,Specialty Case
PT-12R-DRS-34.5-CBOM,152,50,52.7778,53,,55,,
PT-12R-DRS-34.5-CBOM,152,56,59.1111,60,65,65,,
PT-12R-RRS-34.5-CBOM,152,66,69.6667,70,,75,,
PT-12S-51-CBOM,158,48,52.6667,53,,55,,
PT-12S-52-7580-CBOM,152,50,52.7778,53,55,55,,
PT-1OR-RRS-34.5-CBOM,152,64,67.5556,68,,75,,
PT-4R-DRS-34.5-CBOM,56,50,19.4444,20,,25,,
PT-4R-DRS-CASH,56,56,21.7778,22,25,25,,
PT-4R-DRS-CashBev-7580-CBOM,56,50,19.4444,20,25,25,,
PT-4R-DRS-CashBev-7580-CBOM,56,56,21.7778,22,25,25,,
PT-4R-DRS-CashBev-7580-CBOM,56,56,21.7778,22,25,25,,4' Cash & Beverage
PT-4R-RRS-34.5-CBOM,56,56,21.7778,22,,25,,
PT-5R-DRS-34.5-CBOM,70,50,24.3056,25,,30,,
PT-6R-DRS-CashBev-7580-CBOM,84,56,32.6667,33,36,36,,
PT-6R-ODRS-34.5-CBOM,84,56,32.6667,33,,40,,
PT-6R-RRS,80,66,36.6667,37,,40,6',Specialty Case
PT-6R-RRS-34 .5-CBOM,84,56,32.6667,33,36,40,,
PT-6R-RRS-34.5-CBOM,80,66,36.6667,37,,40,6',Specialty Case
PT-6R-RRS-Sushi-7580-CBOM,84,66,38.5,39,,45,,
PT-6R-RRS-Sushi-7673-CBOM,84,66,38.5,39,,45,,
PT-6S-51-CBOM,84,48,28,28,,30,,
PT-8R-DRS,105,66,48.125,49,,55,8',Specialty Case
PT-8R-DRS-34.5-CBOM,105,66,48.125,49,,55,8',Specialty Case
PT-8R-ODRS-34.5-CBOM,105,66,48.125,49,,55,,
PT-8R-RRS,105,66,48.125,49,,55,8',service/self service refrigerated sushi w/r
PT-8R-RRS-34.5-CBOM,105,56,40.8333,41,45,45,,
PT-8R-RRS-34.5-CBOM,105,56,40.8333,41,45,45,,
PT-8R-RRS-34.5-CBOM,105,66,48.125,49,,55,,
PT-8R-RRS-34.5-CBOM,105,66,48.125,49,55,55,,
PT-8R-RRS-39.5-CBOM,105,65,47.3958,48,,50,,
PT-8R-RRS-Sushi-7580-CBOM,105,66,48.125,49,,55,,
PT-8S-51-CBOM,105,48,35,35,,35,,
PT-8S-52-7580-CBOM,105,48,35,35,40,40,,
PTD-10RGC-Cube-DRS-CBOM,130,60,54.1667,55,,55,,
PTD-12R,152,56,59.1111,60,,75,,
PTD-12RGC-SSC,152,64,67.5556,68,75,75,,
PTD-12RGC-SSC,152,64,67.5556,68,75,75,,
PTD-12RGC-SSC-Cube-DRS-CBOM,152,64,67.5556,68,,75,,
PTD-12RGC-SSC-Cube-DRS-CBOM,152,56,59.1111,60,,75,,
PTD-12RGC-SSC-Cube-DRS-CBOM,152,56,59.1111,60,,75,,
PTD-12RGC-SSC-Cube-DRS-CBOM,152,56,59.1111,60,,75,,
PTD-12RG-Cube-DRS-CBOM,152,56,59.1111,60,,75,,
PTD-12RG-DRS-CBOM,152,56,59.1111,60,,75,,
PTD-4R,56,56,21.7778,22,,25,4',Specialty Case
PTD-5R-DRS-CBOM,84,56,32.6667,33,,35,,
PTD-6H-Cube-CBOM,54,56,21,21,,25,,
PTD-6H-Cube-DRS-CBOM,80,60,33.3333,34,,40,,
PTD-6R,84,60,35,35,,40,6',Specialty Case
PTD-6R-DLS,84,60,35,35,,45,8',service/self service refrigerated sandwich
PTD-6R-DRS,84,56,32.6667,33,35,35,,
PTD-6R-ODRS-Pizza-7580-CBOM,84,56,32.6667,33,35,35,,
PTD-8H-CUBE-DRS,105,56,40.8333,41,,48,,
PTD-8H-Cube-DRS-CBOM,105,70,51.0417,52,,55,,
PTD-8R,105,56,40.8333,41,45,45,,
PTD-8R-Cube-RRS-CBOM,105,50,36.4583,37,,40,,
PTD-8R-DRS,105,60,43.75,44,48,48,,
PTD-8R-DRS-CBOM,105,66,48.125,49,,48,,
PTD-8RGC-SSC-Cube-DRS-CBOM,105,60,43.75,44,,55,,
PTD-8RGC-SSC-Cube-DRS-CBOM,105,60,43.75,44,,45,,
PTD-8RG-Cube-DRS-CBOM,105,56,40.8333,41,,48,,
PTD-8RG-Cube-DRS-CBOM,105,56,40.8333,41,,48,,
PTD-8RG-Cube-DRS-CBOM,105,60,43.75,44,48,48,,
PTD-8RGG-SCC-Cube-DRS-CBOM,105,56,40.8333,41,,48,,
PTD-8R-ODRS-CBOM,84,66,38.5,39,45,48,,specialty case
PTD-8R-ODRS-CBOM,105,66,48.125,49,,48,8',Specialty Case
PTD-8R-ODRS-Pizza-7580-CBOM,105,56,40.8333,41,45,48,,
PTD-GSD-6R,84,60,35,35,,40,,Specialty Case
PTD-GSD-8R-CBOM,105,70,51.0417,52,,55,,
PTD-GSD-8R-ODRS-CBOM,105,50,36.4583,37,,40,,
Q2SPN6,84,72,42,,,45,,
Q47-24TM,56,32,12.4444,13,15,15,,
Q47-24TM,56,32,12.4444,13,,15,6',Specialty Case
Q-47S-24-TM-CBO,56,32,12.4444,13,,25,,
Q-47S-24-TM-CBOM,56,32,12.4444,13,25,25,,
Q-95S-24-TM-CBOM,150,30,31.25,32,35,35,,
QC-12R-24 HMR,152,40,42.2222,43,,45,,
QC-12R-24-CBOM,152,36,38,38,,40,,
QC-12R-30,152,36,38,38,,40,,
QC-12R-30-CBOM,152,36,38,38,,40,,
QC-12R-35-Fortinos-7580-CBOM,152,40,42.2222,43,45,45,,
QC-144-35R-7580,152,50,52.7778,53,,55,,
QC-144R,152,50,52.7778,53,,55,,Specialty Case
QC-4R-24-CBOM,56,30,11.6667,12,,20,,
QC-4R-30-CBOM,53,43,15.8264,16,,20,,
QC-4R-35-CBOM,53,43,15.8264,16,,20,,
QC72-24R,82,32,18.2222,19,22,22,,Specialty Case
QC72-30R,80,36,20,20,,20,,Specialty Case
QC-8R-24-CBOM,105,36,26.25,27,,28,,
QC-8R-30-CBOM,105,40,29.1667,30,35,35,,
QC-96R,105,41,29.8958,30,,30,,Specialty Case
RDAL-N5,85,39,23.0208,24,,25,,
RDAL-N5-6,85,39,23.0208,24,,25,,
RDAL-N5-8,106,39,28.7083,29,,30,,
RL-1,35,44,10.6944,11,,15,,
RL-2,62,44,18.9444,19,,25,,
RL-3,92,44,28.1111,29,,35,,
RL-4,122,44,37.2778,38,,45,,
RL-5,153,44,46.75,47,,50,,
RLN-5,153,44,46.75,47,,50,,
RDEL-22,59,50,20.4861,21,,25,,
RMN2A,82,48,27.3333,28,,30,,
Roll IN 06I,79,48,26.3333,27,,30,,
Roll In 08I,105,48,35,35,,40,,
Roll-IN 08I,105,48,35,35,,40,,
Roll-IN 12I,160,48,53.3333,54,,55,,
ROLL-IN  08I,105,48,35,35,,40,,
S2SB-12R-CBOM,152,50,52.7778,53,60,60,,
S2SB-6R-CBOM,80,50,27.7778,28,35,35,,
S2SB-8R-CBOM,105,50,36.4583,37,45,45,,
S2SB-8R-CBOM,105,50,36.4583,37,45,45,,
S2SGC-12,152,56,59.1111,60,,65,,
S2SGC-12R-CBOM,152,60,63.3333,64,,65,,
S2SGC-12R-SSC-CBOM,152,56,59.1111,60,,65,,
S2SGC-8R-CBOM,105,50,36.4583,37,,40,,
S2SGC-8R-SSC-CBOM,105,60,43.75,44,,55,,
Sashimi 8,107,62,46.0694,47,,50,,
SB-10R-CBOM,13,50,4.5139,5,,15,,
SB-206D,84,36,21,21,,25,,Specialty Case
SB-306,84,48,28,28,30,30,,
SB-306,84,48,28,28,,30,,
SB-306D-OliveBar-,84,48,28,28,,30,,
SB-306R,84,48,28,28,,30,,Specialty Case
SB-306S-AntipastoBar-7673-CBOM,84,48,28,28,,30,,
SB-306S-Antipastol,84,48,28,28,,30,,
SB-308,90,48,30,30,30,30,,
SB-310R,130,50,45.1389,46,,50,10',10' remote self-service salsa/olive bar
SB-314R,190,43,56.7361,57,,65,,Specialty Case
SB-6R-CBOM,84,50,29.1667,30,,35,,
SBI-12S/H-CBOM,152,75,79.1667,80,,85,,
SBI-12S-CBOM,152,75,79.1667,80,,85,,
SBI-13S-CBOM,175,65,78.9931,79,,80,,
SBI-14R/H-CBOM,180,80,100,100,,120,,
SBI-14R-CBOM,180,75,93.75,94,,100,,
SBI-20R/H-CBOM,250,75,130.2083,131,,135,,
SBI-406H,164,76,86.5556,87,90,90,,
SBI-406H-Chicken-7580-CBOM,164,76,86.5556,87,90,90,,
SBI-407H,105,50,36.4583,37,40,40,,
SBI-408H,105,56,40.8333,41,45,45,,
SBI-408H-CHICKEN-7580-CBOM,105,60,43.75,44,45,45,,
SBI-408H-Soup-7580-CBOM,105,56,40.8333,41,45,45,,
SBI-416SC,210,50,72.9167,73,,80,,
SBI-7R-CBOM,105,50,36.4583,37,,40,,
SBI-7S-CBOM,90,75,46.875,47,50,50,,
SBI-8H-CBOM,105,56,40.8333,41,45,45,,
SBI-9S-CBOM,90,65,40.625,41,45,45,,
SGM-12R-CBOM,60,152,63.3333,64,70,70,12',Specialty Case
SGM-8R-CBOM,60,105,43.75,44,50,50,8',Specialty Case
SGMO-12R,60,152,63.3333,64,70,70,12',Specialty Case
SGMO-12R Service Deli,,,0,0,,,,
SGMO-8R,60,105,43.75,44,50,50,8',Specialty Case
SMD-6R-Cube-Deli-CBOM,84,50,29.1667,,,35,,
SSAM12,148,48,49.3333,50,55,55,,12' Specialty meat Case
SSAM-12RG-CBOM,152,60,63.3333,64,70,70,,
SSAM8,110,48,36.6667,37,40,40,,8' Specialty meat cast
SSAM-8RG-CBOM,105,60,43.75,44,50,50,,
SSD-4R-LT-F-CBOM,56,50,19.4444,20,25,25,,
SSFM-12RG-CBOM,152,50,52.7778,53,,55,,
Tango 2 Door,58,32,12.8889,13,,15,,
Tango 3 Door,82,32,18.2222,19,,25,,
Tango 4 Door,106,32,23.5556,24,,30,,
TANGO KW 125 COMPACT,58,32,12.8889,13,,15,,
TANGO KW 188 COMPACT,82,32,18.2222,19,,25,,
TANGO KW 250 COMPACT,106,32,23.5556,24,,30,,
Tangor 12,155,42,45.2083,46,,55,,
Tangor 6,82,42,23.9167,24,,30,,
Tangor 8,107,42,31.2083,32,,35,,
TEND LH INT.BLACK EXT.COLOR KW,87,32,19.3333,20,,20,,"end cap? 87""h x 32"" L x 9"" w"
Trattoria 12,155,53,57.0486,58,,55,,
Trattoria 4,70,42,20.4167,21,,25,,
Trattoria 6,82,53,30.1806,31,,30,,
Trattoria 8,107,53,39.3819,40,,35,,
TY4ECRC,192,72,96,96,,100,,
Valzer KW 2P,63,36,15.75,16,,20,,
VALZER KW 2P INT.BLACK EXT.COL.,63,36,15.75,16,,20,,
VALZER KW 2P INT.WHITE EXT.COL.,63,36,15.75,16,,20,,
Valzer KW 3P,90,36,22.5,23,,30,,
VALZER KW 3P INT.BLACK EXT.COL.,90,36,22.5,23,,30,,
Valzer KW 4P,117,36,29.25,30,,40,,
VALZER KW 4P INT.BLACK EXT.COL.,117,36,29.25,30,,40,,
VISION P85 H150 04M UI R290,51,34,12.0417,13,,15,,
VISION P85 H205 04M UI R290,51,34,12.0417,13,,15,,
VISION P85 H205 06M UI R290,76,34,17.9444,18,,20,,
VISION P85 H205 08M UI R290,100,34,23.6111,24,,26,,
VISION P85 H205 BT 06M UI R290,76,34,17.9444,18,,20,,
VISION P85 H150 08M UI R290,100,34,23.6111,24,,26,,
VISION P85 H150 06M UI R290,76,34,17.9444,18,,20,,
VISION P85 H205 DOORS 04M UI R290,51,34,12.0417,13,,15,,
VISION P85 H205 DOORS 06M UI R290,76,34,17.9444,18,,20,,
VISION P85 H205 DOORS 08M UI R290,100,34,23.6111,24,,26,,
VNRB12,155,48,51.6667,52,55,55,12',
VNRB2,55,48,18.3333,19,25,25,,
VNRB3,96,48,32,32,,36,,
VNRB4,124,48,41.3333,45,45,45,,4 door cooler
VNRB5,155,48,51.6667,55,55,55,,
VNRB8,96,48,32,32,36,36,8',
VNRZ2,60,48,20,20,,25,,
VNRZ3,96,48,32,40,40,40,,
VNRZ4,124,48,41.3333,45,45,45,,4 door cooler
VNRZ5,154,48,51.3333,,,55,,
VRB12,155,48,51.6667,52,55,55,12',12' Glass Door Cooler
VRB4,52,48,17.3333,18,20,20,4',4' CASE
VRB5,155,48,51.6667,52,,55,,
VRB6,76,48,25.3333,,,30,,
VRB8,102,48,34,32,36,45,8',8' Glass door Cooler
VRBDX12,155,48,51.6667,52,55,55,12',12' Glass Door Cooler
VRBDX8,96,48,32,32,36,36,8',8' Glass door Cooler
VRBH12,155,48,51.6667,52,55,55,12',12' Glass Door Cooler
VRBH8,102,48,34,34,36,45,8',8' Glass door Cooler
VRBHDX12,155,48,51.6667,52,55,55,12',12' Glass Door Cooler
VRBHDX8,96,48,32,32,36,36,8',8' Glass door Cooler
XRBH12,155,48,51.6667,52,55,55,12',12' Glass Door Cooler
XRBHPV12,155,48,51.6667,52,52,52,12',12' 5 door case
XRBHPV8,125,48,41.6667,42,42,42,8',8' 4 door case
